ride_id,driver_id,rider_id,city,pickup_timestamp,dropoff_timestamp,distance_km,fare_amount,payment_method,ride_status,last_updated
R10001,D101,U1001,Bengaluru,2026-01-05 08:10:00,2026-01-05 08:35:00,12.4,285.50,CARD,COMPLETED,2026-01-05 08:40:00
R10002,D102,U1002,Bengaluru,2026-01-05 09:05:00,2026-01-05 09:28:00,9.8,220.00,UPI,COMPLETED,2026-01-05 09:32:00
R10003,D103,U1003,Hyderabad,2026-01-05 10:15:00,2026-01-05 10:50:00,18.2,410.75,CASH,COMPLETED,2026-01-05 10:55:00
R10004,D104,U1004,Chennai,2026-01-05 11:20:00,2026-01-05 11:20:00,0.0,0.00,CARD,CANCELLED,2026-01-05 11:25:00
R10005,D105,U1005,Hyderabad,2026-01-05 12:30:00,2026-01-05 13:05:00,16.5,365.25,UPI,COMPLETED,2026-01-05 13:10:00
R10006,D106,U1006,Bengaluru,2026-01-05 14:00:00,2026-01-05 14:42:00,21.3,480.50,CARD,COMPLETED,2026-01-05 14:47:00
R10007,D107,U1007,Chennai,2026-01-05 15:10:00,2026-01-05 15:38:00,11.6,260.00,CASH,COMPLETED,2026-01-05 15:42:00
R10008,D108,U1008,Bengaluru,2026-01-05 16:05:00,2026-01-05 16:05:00,0.0,0.00,UPI,CANCELLED,2026-01-05 16:08:00
R10009,D109,U1009,Hyderabad,2026-01-05 17:20:00,2026-01-05 18:00:00,19.7,445.00,CARD,COMPLETED,2026-01-05 18:05:00
R10010,D110,U1010,Bengaluru,2026-01-05 18:30:00,2026-01-05 19:05:00,15.1,340.75,UPI,COMPLETED,2026-01-05 19:10:00
